Time,Symbol,Price,Quantity,Type,Status,Value,Tag
2022-11-15T15:00:00Z,SPY,401.62,198,Market,Filled,79520.76,"" 
2022-11-15T15:00:00Z,XLU,68.46,291,Market,Filled,19921.86,"" 
2022-11-28T15:00:00Z,MANU,21.72,92,Market,Filled,1998.24,"" 
2022-11-28T15:00:00Z,SQQQ,45.175,44,Market,Filled,1987.7,"" 
2022-11-28T15:00:00Z,TQQQ,22.1,90,Market,Filled,1989,"" 
2022-11-28T15:00:00Z,BABA,76.175,26,Market,Filled,1980.55,"" 
2022-11-28T15:00:00Z,NFLX,288.71,6,Market,Filled,1732.26,"" 
2022-11-28T15:00:00Z,AMZN,95.02,21,Market,Filled,1995.42,"" 
2022-11-28T15:00:00Z,META,110.58,18,Market,Filled,1990.44,"" 
2022-11-28T15:00:00Z,BA,175.19,11,Market,Filled,1927.09,"" 
2022-11-28T15:00:00Z,DIS,98.21,20,Market,Filled,1964.2,"" 
2022-11-28T15:00:00Z,GOOG,97.07,20,Market,Filled,1941.4,"" 
2022-11-28T15:00:00Z,MSFT,244.91,8,Market,Filled,1959.28,"" 
2022-11-28T15:00:00Z,QQQ,286.2,6,Market,Filled,1717.2,"" 
2022-11-28T15:00:00Z,BAC,37.265,53,Market,Filled,1975.045,"" 
2022-11-28T15:00:00Z,TLT,103.56,19,Market,Filled,1967.64,"" 
2022-11-28T15:00:00Z,EEM,37.89,52,Market,Filled,1970.28,"" 
2022-11-28T16:00:00Z,BRK.B,315.32,6,Market,Filled,1891.92,"" 
2022-11-28T16:00:00Z,GOOGL,95.93,20,Market,Filled,1918.6,"" 
2022-11-28T16:00:00Z,HYG,74.795,26,Market,Filled,1944.67,"" 
2022-11-28T18:00:00Z,IWM,183.14,10,Market,Filled,1831.4,"" 
2022-11-28T18:00:00Z,XOM,111.02,17,Market,Filled,1887.34,"" 
2022-11-28T18:00:00Z,AMD,73.41,27,Market,Filled,1982.07,"" 
2022-11-28T19:00:00Z,HD,319.65,6,Market,Filled,1917.9,"" 
2022-11-28T19:00:00Z,AAPL,143.96,13,Market,Filled,1871.48,"" 
2022-11-28T19:00:00Z,ATVI,74.55,26,Market,Filled,1938.3,"" 
2022-11-28T20:00:00Z,TSLA,183.67,10,Market,Filled,1836.7,"" 
2022-12-05T16:00:00Z,NIO,12.885,158,Market,Filled,2035.83,"" 
2022-12-05T17:00:00Z,EFA,66.985,30,Market,Filled,2009.55,"" 
2022-12-05T17:00:00Z,XLF,35.11,57,Market,Filled,2001.27,"" 
2022-12-05T17:00:00Z,CRM,139.1,14,Market,Filled,1947.4,"" 
2022-12-05T17:00:00Z,LQD,108.33,18,Market,Filled,1949.94,"" 
2022-12-05T18:00:00Z,FXI,28.49,70,Market,Filled,1994.3,"" 
2022-12-15T15:00:00Z,BAC,31.58,-53,Market,Filled,-1673.74,"Liquidated" 
2022-12-16T15:00:00Z,TSLA,156.14,-10,Market,Filled,-1561.4,"Liquidated" 
2022-12-16T18:00:00Z,TQQQ,18.79,-90,Market,Filled,-1691.1,"Liquidated" 
2022-12-19T17:00:00Z,NIO,10.89,-158,Market,Filled,-1720.62,"Liquidated" 
2022-12-28T16:00:00Z,AMD,62.425,-27,Market,Filled,-1685.475,"Liquidated" 
2023-01-04T17:00:00Z,BABA,102.06,-26,Market,Filled,-2653.56,"Liquidated" 
2023-01-23T15:00:00Z,ENPH,224.2,9,Market,Filled,2017.8,"" 
2023-01-23T15:00:00Z,TSLA,138.76,14,Market,Filled,1942.64,"" 
2023-01-23T15:00:00Z,AMD,74.81,27,Market,Filled,2019.87,"" 
2023-01-23T16:00:00Z,JPM,136.9,14,Market,Filled,1916.6,"" 
2023-01-23T18:00:00Z,BABA,119.25,17,Market,Filled,2027.25,"" 
2023-01-23T18:00:00Z,GS,346.35,5,Market,Filled,1731.75,"" 
2023-01-23T19:00:00Z,TQQQ,21.88,94,Market,Filled,2056.72,"" 
2023-01-26T21:00:00Z,META,0,-18,Market On Open,Canceled,0,"Liquidated" 
2023-01-26T21:15:00Z,META,148.34,-18,Market On Open,Filled,-2670.12,"Liquidated" 
2023-01-27T20:00:00Z,SQQQ,38.32,-44,Market,Filled,-1686.08,"Liquidated" 
2023-01-30T15:00:00Z,SQQQ,39.8,52,Market,Filled,2069.6,"" 
2023-01-30T15:00:00Z,META,150.53,13,Market,Filled,1956.89,"" 
2023-02-02T15:00:00Z,TSLA,187.535,-14,Market,Filled,-2625.49,"Liquidated" 
2023-02-02T16:00:00Z,SQQQ,33.36,-52,Market,Filled,-1734.72,"Liquidated" 
2023-02-06T15:00:00Z,TSLA,195.33,10,Market,Filled,1953.3,"" 
2023-02-06T16:00:00Z,GLD,173.54,12,Market,Filled,2082.48,"" 
2023-02-06T17:00:00Z,SQQQ,35.36,59,Market,Filled,2086.24,"" 
2023-02-13T15:00:00Z,SPY,410.3,7,Market,Filled,2872.1,"" 
2023-02-13T15:00:00Z,XLU,67.775,19,Market,Filled,1287.725,"" 
2023-02-17T15:00:00Z,BABA,100.42,-17,Market,Filled,-1707.14,"Liquidated" 
2023-03-02T15:00:00Z,CRM,188.46,-14,Market,Filled,-2638.44,"Liquidated" 
2023-03-16T16:00:00Z,META,200.66,-13,Market,Filled,-2608.58,"Liquidated" 
2023-03-17T15:00:00Z,ENPH,186.11,-9,Market,Filled,-1674.99,"Liquidated" 
2023-03-22T19:00:00Z,AMD,100.03,-27,Market,Filled,-2700.81,"Liquidated" 
2023-03-31T16:00:00Z,SQQQ,29.985,-59,Market,Filled,-1769.115,"Liquidated" 
2023-04-03T14:00:00Z,AI,32.58,65,Market,Filled,2117.7,"" 
2023-04-03T14:00:00Z,V,225.43,9,Market,Filled,2028.87,"" 
2023-04-03T14:00:00Z,BABA,99.385,21,Market,Filled,2087.085,"" 
2023-04-03T14:00:00Z,AMD,94.9,22,Market,Filled,2087.8,"" 
2023-04-03T20:00:00Z,INTC,32.91,64,Market On Open,Filled,2106.24,"" 
2023-04-04T15:00:00Z,AI,27.03,-65,Market,Filled,-1756.95,"Liquidated" 
2023-04-17T20:00:00Z,WFC,41.27,51,Market On Open,Filled,2104.77,"" 
2023-04-17T20:00:00Z,META,219.94,9,Market On Open,Filled,1979.46,"" 
2023-04-17T20:00:00Z,SQQQ,29.43,71,Market On Open,Filled,2089.53,"" 
2023-04-20T16:00:00Z,TSLA,163.81,-10,Market,Filled,-1638.1,"Liquidated" 
2023-04-25T14:00:00Z,BABA,83.97,-21,Market,Filled,-1763.37,"Liquidated" 
2023-05-11T15:00:00Z,MANU,18.26,-92,Market,Filled,-1679.92,"Liquidated" 
2023-05-11T19:00:00Z,TQQQ,29.15,-94,Market,Filled,-2740.1,"Liquidated" 
2023-05-15T14:00:00Z,BABA,86.19,24,Market,Filled,2068.56,"" 
2023-05-22T14:00:00Z,NVDA,312.835,6,Market,Filled,1877.01,"" 
2023-05-25T14:00:00Z,INTC,27.425,-64,Market,Filled,-1755.2,"Liquidated" 
2023-05-25T16:00:00Z,SQQQ,24.99,-71,Market,Filled,-1774.29,"Liquidated" 
2023-05-25T20:00:00Z,MSFT,0,-8,Market On Open,Canceled,0,"Liquidated" 
2023-05-25T20:15:00Z,MSFT,324,-8,Market On Open,Filled,-2592,"Liquidated" 
2023-05-26T19:00:00Z,AMD,126.61,-22,Market,Filled,-2785.42,"Liquidated" 
2023-05-30T14:00:00Z,NFLX,389.9,-6,Market,Filled,-2339.4,"Liquidated" 
2023-06-05T14:00:00Z,AMD,117.11,18,Market,Filled,2107.98,"" 
2023-06-05T14:00:00Z,TSLA,219.18,10,Market,Filled,2191.8,"" 
2023-06-05T14:00:00Z,SQQQ,21.655,102,Market,Filled,2208.81,"" 
2023-06-05T14:00:00Z,TQQQ,36.97,60,Market,Filled,2218.2,"" 
2023-06-05T14:00:00Z,BAC,28.495,77,Market,Filled,2194.115,"" 
2023-06-05T14:00:00Z,MSFT,335.26,6,Market,Filled,2011.56,"" 
2023-06-06T15:00:00Z,AMZN,126.61,-21,Market,Filled,-2658.81,"Liquidated" 
2023-06-06T16:00:00Z,GOOGL,127.715,-20,Market,Filled,-2554.3,"Liquidated" 
2023-06-12T14:00:00Z,CRM,218.36,10,Market,Filled,2183.6,"" 
2023-06-12T14:00:00Z,AMZN,124.73,18,Market,Filled,2245.14,"" 
2023-06-12T14:00:00Z,GOOGL,122.225,18,Market,Filled,2200.05,"" 
2023-06-14T15:00:00Z,NVDA,418.44,-6,Market,Filled,-2510.64,"Liquidated" 
2023-06-26T14:00:00Z,INTC,33.64,67,Market,Filled,2253.88,"" 
2023-06-30T14:00:00Z,AAPL,192.47,-13,Market,Filled,-2502.11,"Liquidated" 
2023-07-03T15:00:00Z,NKE,109.79,21,Market,Filled,2305.59,"" 
2023-07-03T15:00:00Z,XLI,107.23,21,Market,Filled,2251.83,"" 
2023-07-05T14:00:00Z,META,293.81,-9,Market,Filled,-2644.29,"Liquidated" 
2023-07-10T14:00:00Z,META,291.76,7,Market,Filled,2042.32,"" 
2023-07-12T14:00:00Z,SQQQ,18.4,-102,Market,Filled,-1876.8,"Liquidated" 
2023-07-14T14:00:00Z,QQQ,381.68,-6,Market,Filled,-2290.08,"Liquidated" 
2023-07-17T14:00:00Z,AAPL,192.515,12,Market,Filled,2310.18,"" 
2023-07-17T14:00:00Z,XLV,130.98,18,Market,Filled,2357.64,"" 
2023-07-17T15:00:00Z,T,13.875,172,Market,Filled,2386.5,"" 
2023-07-18T19:00:00Z,TSLA,293.42,-10,Market,Filled,-2934.2,"Liquidated" 
2023-07-24T14:00:00Z,RIVN,24.93,97,Market,Filled,2418.21,"" 
2023-07-24T14:00:00Z,SQQQ,18.15,133,Market,Filled,2413.95,"" 
2023-07-26T14:00:00Z,GOOG,130.86,-20,Market,Filled,-2617.2,"Liquidated" 
2023-07-27T14:00:00Z,BA,236.07,-11,Market,Filled,-2596.77,"Liquidated" 
2023-07-31T14:00:00Z,JNJ,168.63,14,Market,Filled,2360.82,"" 
2023-07-31T14:00:00Z,BA,236.48,10,Market,Filled,2364.8,"" 
2023-08-14T14:00:00Z,SPY,445.2,6,Market,Filled,2671.2,"" 
2023-08-14T14:00:00Z,XLU,63.96,58,Market,Filled,3709.68,"" 
2023-08-14T14:00:00Z,RIVN,20.73,-97,Market,Filled,-2010.81,"Liquidated" 
2023-08-24T16:00:00Z,DIS,83.1,-20,Market,Filled,-1662,"Liquidated" 
2023-09-21T14:00:00Z,AMD,97.13,-18,Market,Filled,-1748.34,"Liquidated" 
2023-09-21T14:00:00Z,BA,200.5,-10,Market,Filled,-2005,"Liquidated" 
2023-09-21T14:00:00Z,NKE,92.72,-21,Market,Filled,-1947.12,"Liquidated" 
2023-09-28T14:00:00Z,TLT,87.47,-19,Market,Filled,-1661.93,"Liquidated" 
2023-10-14T04:00:00Z,ATVI,94.42,-26,Market,Filled,-2454.92,"Liquidate from delisting" 
2023-10-16T14:00:00Z,SOXL,19.55,114,Market,Filled,2228.7,"" 
2023-10-23T14:00:00Z,SOXL,16.39,-114,Market,Filled,-1868.46,"Liquidated" 
2023-10-26T16:00:00Z,TQQQ,31.34,-60,Market,Filled,-1880.4,"Liquidated" 
2023-10-27T15:00:00Z,GS,294.34,-5,Market,Filled,-1471.7,"Liquidated" 
2023-11-06T15:00:00Z,SOXL,18.14,124,Market,Filled,2249.36,"" 
2023-11-06T15:00:00Z,TLT,86.84,25,Market,Filled,2171,"" 
2023-11-13T15:00:00Z,SPY,438.85,-6,Market,Filled,-2633.1,"" 
2023-11-13T15:00:00Z,XLU,59.84,8,Market,Filled,478.72,"" 
2023-11-13T15:00:00Z,PLTR,19.52,115,Market,Filled,2244.8,"" 
2023-11-13T17:00:00Z,TSM,96.98,23,Market,Filled,2230.54,"" 
2023-11-20T15:00:00Z,AMD,121.06,19,Market,Filled,2300.14,"" 
2023-11-20T20:00:00Z,SOXL,24.23,-124,Market,Filled,-3004.52,"Liquidated" 
2023-11-20T20:00:00Z,INTC,44.8,-67,Market,Filled,-3001.6,"Liquidated" 
2023-11-20T21:00:00Z,SOXL,23.58,98,Market On Open,Filled,2310.84,"" 
2023-11-20T21:00:00Z,GOOG,137.94,17,Market On Open,Filled,2344.98,"" 
2023-11-27T15:00:00Z,CVX,143.57,16,Market,Filled,2297.12,"" 
2023-11-29T15:00:00Z,SQQQ,15.389,-133,Market,Filled,-2046.737,"Liquidated" 
2023-12-01T15:00:00Z,BABA,72.57,-24,Market,Filled,-1741.68,"Liquidated" 
2023-12-04T15:00:00Z,TQQQ,42.72,56,Market,Filled,2392.32,"" 
2023-12-04T15:00:00Z,SQQQ,16.44,146,Market,Filled,2400.24,"" 
2023-12-05T15:00:00Z,FXI,23.87,-70,Market,Filled,-1670.9,"Liquidated" 
2023-12-11T15:00:00Z,INTC,43.97,55,Market,Filled,2418.35,"" 
2023-12-18T15:00:00Z,TSLA,256.69,9,Market,Filled,2310.21,"" 
2023-12-18T18:00:00Z,SQQQ,13.95,-146,Market,Filled,-2036.7,"Liquidated" 
2023-12-18T19:00:00Z,JBL,130.705,19,Market,Filled,2483.395,"" 
2023-12-26T15:00:00Z,SOXL,31.71,-98,Market,Filled,-3107.58,"Liquidated" 
2024-01-02T20:00:00Z,PLTR,16.57,-115,Market,Filled,-1905.55,"Liquidated" 
2024-01-08T15:00:00Z,SOXL,27.7,91,Market,Filled,2520.7,"" 
2024-01-08T15:00:00Z,SQQQ,14.35,177,Market,Filled,2539.95,"" 
2024-01-08T20:00:00Z,RSP,157.155,16,Market,Filled,2514.48,"" 
2024-01-12T17:00:00Z,TSLA,218.19,-9,Market,Filled,-1963.71,"Liquidated" 
2024-01-18T15:00:00Z,AMD,165.665,-19,Market,Filled,-3147.635,"Liquidated" 
2024-01-22T15:00:00Z,AMD,169.31,15,Market,Filled,2539.65,"" 
2024-01-22T15:00:00Z,BABA,67.78,38,Market,Filled,2575.64,"" 
2024-01-22T15:00:00Z,SQQQ,12.17,-177,Market,Filled,-2154.09,"Liquidated" 
2024-01-22T16:00:00Z,PYPL,65.51,39,Market,Filled,2554.89,"" 
2024-01-24T15:00:00Z,META,391.51,-7,Market,Filled,-2740.57,"Liquidated" 
2024-01-24T15:00:00Z,SOXL,37.17,-91,Market,Filled,-3382.47,"Liquidated" 
2024-01-24T16:00:00Z,TQQQ,57.37,-56,Market,Filled,-3212.72,"Liquidated" 
2024-01-29T15:00:00Z,COIN,130.31,20,Market,Filled,2606.2,"" 
2024-01-29T15:00:00Z,SOXL,33.84,78,Market,Filled,2639.52,"" 
2024-01-29T15:00:00Z,SQQQ,12.14,219,Market,Filled,2658.66,"" 
2024-01-29T15:00:00Z,SMH,188.44,14,Market,Filled,2638.16,"" 
2024-02-02T15:00:00Z,AMZN,170.79,-18,Market,Filled,-3074.22,"Liquidated" 
2024-02-05T15:00:00Z,TSLA,182.6,14,Market,Filled,2556.4,"" 
2024-02-08T15:00:00Z,CRM,292.58,-10,Market,Filled,-2925.8,"Liquidated" 
2024-02-08T16:00:00Z,TSM,131.32,-23,Market,Filled,-3020.36,"Liquidated" 
2024-02-12T15:00:00Z,SPY,501.43,15,Market,Filled,7521.45,"" 
2024-02-12T15:00:00Z,XLU,60.32,81,Market,Filled,4885.92,"" 
2024-02-16T15:00:00Z,COIN,185.21,-20,Market,Filled,-3704.2,"Liquidated" 
2024-02-22T15:00:00Z,JPM,182.64,-14,Market,Filled,-2556.96,"Liquidated" 
2024-02-23T15:00:00Z,BRK.B,420.46,-6,Market,Filled,-2522.76,"Liquidated" 
2024-02-26T15:00:00Z,TQQQ,59.63,47,Market,Filled,2802.61,"" 
2024-02-26T15:00:00Z,TSM,128.74,22,Market,Filled,2832.28,"" 
2024-02-26T15:00:00Z,ARM,146.57,19,Market,Filled,2784.83,"" 
2024-02-28T15:00:00Z,WFC,55.275,-51,Market,Filled,-2819.025,"Liquidated" 
2024-03-01T15:00:00Z,SOXL,45.2,-78,Market,Filled,-3525.6,"Liquidated" 
2024-03-04T15:00:00Z,SOXL,49.411,58,Market,Filled,2865.838,"" 
2024-03-04T16:00:00Z,MU,96.36,29,Market,Filled,2794.44,"" 
2024-03-04T16:00:00Z,MARA,28.31,101,Market,Filled,2859.31,"" 
2024-03-05T16:00:00Z,MARA,23.31,-101,Market,Filled,-2354.31,"Liquidated" 
2024-03-18T15:00:00Z,MMM,105.26,27,Market,Filled,2842.02,"" 
2024-03-19T14:00:00Z,SOXL,39.6,-58,Market,Filled,-2296.8,"Liquidated" 
2024-03-19T14:00:00Z,ARM,123.85,-19,Market,Filled,-2353.15,"Liquidated" 
2024-03-21T14:00:00Z,SQQQ,10.15,-219,Market,Filled,-2222.85,"Liquidated" 
2024-03-25T14:00:00Z,COIN,272.58,10,Market,Filled,2725.8,"" 
2024-03-25T15:00:00Z,SOXL,46.53,63,Market,Filled,2931.39,"" 
2024-03-25T16:00:00Z,JPM,195.62,15,Market,Filled,2934.3,"" 
2024-03-28T20:00:00Z,BAC,0,-77,Market On Open,Canceled,0,"Liquidated" 
2024-03-28T20:15:00Z,BAC,0,-77,Market On Open,Canceled,0,"Liquidated" 
2024-04-01T04:00:00Z,BAC,37.96,-77,Market On Open,Filled,-2922.92,"Liquidated" 
2024-04-01T14:00:00Z,BAC,37.785,79,Market,Filled,2985.015,"" 
2024-04-04T17:00:00Z,MU,128.55,-29,Market,Filled,-3727.95,"Liquidated" 
2024-04-08T14:00:00Z,MU,124.765,23,Market,Filled,2869.595,"" 
2024-04-10T16:00:00Z,INTC,37.34,-55,Market,Filled,-2053.7,"Liquidated" 
2024-04-15T19:00:00Z,COIN,228.43,-10,Market,Filled,-2284.3,"Liquidated" 
2024-04-16T14:00:00Z,TSLA,154.97,-14,Market,Filled,-2169.58,"Liquidated" 
2024-04-17T15:00:00Z,SOXL,38.93,-63,Market,Filled,-2452.59,"Liquidated" 
2024-04-19T16:00:00Z,TQQQ,50.45,-47,Market,Filled,-2371.15,"Liquidated" 
2024-04-19T19:00:00Z,MU,106.07,-23,Market,Filled,-2439.61,"Liquidated" 
2024-04-22T14:00:00Z,COIN,224.4,12,Market,Filled,2692.8,"" 
2024-04-22T14:00:00Z,AMZN,177.03,15,Market,Filled,2655.45,"" 
2024-04-22T14:00:00Z,MU,108.59,25,Market,Filled,2714.75,"" 
2024-04-22T19:00:00Z,PG,160.88,17,Market,Filled,2734.96,"" 
2024-04-26T14:00:00Z,GOOGL,171.96,-18,Market,Filled,-3095.28,"Liquidated" 
2024-04-29T15:00:00Z,SNAP,14.725,196,Market,Filled,2886.1,"" 
2024-04-29T16:00:00Z,AON,281.925,10,Market,Filled,2819.25,"" 
2024-05-01T16:00:00Z,AMD,142.705,-15,Market,Filled,-2140.575,"Liquidated" 
2024-05-06T14:00:00Z,GOOGL,167.17,17,Market,Filled,2841.89,"" 
2024-05-13T14:00:00Z,SPY,521.68,12,Market,Filled,6260.16,"" 
2024-05-13T14:00:00Z,XLU,71.695,-35,Market,Filled,-2509.325,"" 
2024-06-05T15:00:00Z,SMH,250.85,-14,Market,Filled,-3511.9,"Liquidated" 
2024-06-10T14:00:00Z,TSLA,176.87,17,Market,Filled,3006.79,"" 
2024-06-10T16:00:00Z,ORCL,126.18,24,Market,Filled,3028.32,"" 
2024-06-12T14:00:00Z,TSM,174.05,-22,Market,Filled,-3829.1,"Liquidated" 
2024-06-17T14:00:00Z,TSM,175.78,17,Market,Filled,2988.26,"" 
2024-06-17T16:00:00Z,MU,145.54,-25,Market,Filled,-3638.5,"Liquidated" 
2024-06-17T17:00:00Z,GME,25.69,123,Market,Filled,3159.87,"" 
2024-06-17T17:00:00Z,MU,147.26,21,Market,Filled,3092.46,"" 
2024-06-17T17:00:00Z,MSFT,446.53,-6,Market,Filled,-2679.18,"Liquidated" 
2024-06-17T18:00:00Z,CAT,322.5,9,Market,Filled,2902.5,"" 
2024-06-24T14:00:00Z,T,18.575,-172,Market,Filled,-3194.9,"Liquidated" 
2024-06-24T15:00:00Z,SOXL,55.57,57,Market,Filled,3167.49,"" 
2024-06-25T16:00:00Z,GOOG,184.08,-17,Market,Filled,-3129.36,"Liquidated" 
2024-06-26T14:00:00Z,JBL,111.15,-19,Market,Filled,-2111.85,"Liquidated" 
2024-07-01T14:00:00Z,CRM,256.72,12,Market,Filled,3080.64,"" 
2024-07-01T14:00:00Z,AMD,155.37,20,Market,Filled,3107.4,"" 
2024-07-03T14:00:00Z,TSLA,238.83,-17,Market,Filled,-4060.11,"Liquidated" 
2024-07-08T14:00:00Z,DELL,143.97,22,Market,Filled,3167.34,"" 
2024-07-08T14:00:00Z,NVDA,130.5,25,Market,Filled,3262.5,"" 
2024-07-15T15:00:00Z,QCOM,208.33,16,Market,Filled,3333.28,"" 
2024-07-17T14:00:00Z,MU,122.15,-21,Market,Filled,-2565.15,"Liquidated" 
2024-07-18T16:00:00Z,DELL,122.29,-22,Market,Filled,-2690.38,"Liquidated" 
2024-07-19T20:00:00Z,SOXL,0,-57,Market On Open,Canceled,0,"Liquidated" 
2024-07-19T20:15:00Z,SOXL,0,-57,Market On Open,Canceled,0,"Liquidated" 
2024-07-22T04:00:00Z,SOXL,50.05,-57,Market On Open,Filled,-2852.85,"Liquidated" 
2024-07-22T14:00:00Z,SOXL,50.401,64,Market,Filled,3225.664,"" 
2024-07-25T14:00:00Z,NVDA,109.78,-25,Market,Filled,-2744.5,"Liquidated" 
2024-07-25T14:00:00Z,QCOM,176.36,-16,Market,Filled,-2821.76,"Liquidated" 
2024-07-25T14:00:00Z,SOXL,39.22,-64,Market,Filled,-2510.08,"Liquidated" 
2024-07-26T14:00:00Z,MMM,119.8,-32,Market,Filled,-3833.6,"Liquidated" 
2024-07-29T14:00:00Z,TQQQ,66.99,47,Market,Filled,3148.53,"" 
2024-07-29T14:00:00Z,SOXL,44.35,72,Market,Filled,3193.2,"" 
2024-07-29T14:00:00Z,MMM,125.05,25,Market,Filled,3126.25,"" 
2024-07-30T17:00:00Z,SOXL,36.87,-72,Market,Filled,-2654.64,"Liquidated" 
2024-08-01T17:00:00Z,GME,21.78,-123,Market,Filled,-2678.94,"Liquidated" 
2024-08-01T19:00:00Z,AMD,130.41,-20,Market,Filled,-2608.2,"Liquidated" 
2024-08-02T14:00:00Z,SNAP,10.01,-196,Market,Filled,-1961.96,"Liquidated" 
2024-08-02T15:00:00Z,TSM,149.4,-17,Market,Filled,-2539.8,"Liquidated" 
2024-08-05T14:00:00Z,TQQQ,52.39,-47,Market,Filled,-2462.33,"Liquidated" 
2024-08-05T14:00:00Z,COIN,183.21,-12,Market,Filled,-2198.52,"Liquidated" 
2024-08-12T14:00:00Z,SPY,531.39,-3,Market,Filled,-1594.17,"" 
2024-08-12T14:00:00Z,XLU,73.32,-7,Market,Filled,-513.24,"" 
2024-08-12T14:00:00Z,SQQQ,9.81,310,Market,Filled,3041.1,"" 
2024-08-12T14:00:00Z,SOXL,30.44,100,Market,Filled,3044,"" 
2024-08-12T14:00:00Z,TSM,166.04,18,Market,Filled,2988.72,"" 
2024-08-12T14:00:00Z,TQQQ,58.27,52,Market,Filled,3030.04,"" 
2024-08-12T14:00:00Z,NVDA,107.14,28,Market,Filled,2999.92,"" 
2024-08-15T17:00:00Z,SQQQ,8.33,-310,Market,Filled,-2582.3,"Liquidated" 
2024-08-16T18:00:00Z,GLD,231.08,-12,Market,Filled,-2772.96,"Liquidated" 
2024-08-19T14:00:00Z,MU,105.88,30,Market,Filled,3176.4,"" 
2024-08-19T14:00:00Z,AVGO,161.85,20,Market,Filled,3237,"" 
2024-08-19T14:00:00Z,GLD,230.63,14,Market,Filled,3228.82,"" 
2024-08-19T15:00:00Z,ASTS,35.78,91,Market,Filled,3255.98,"" 
2024-08-19T19:00:00Z,SOXL,40.82,-100,Market,Filled,-4082,"Liquidated" 
2024-08-19T20:00:00Z,SOXL,41.05,79,Market On Open,Filled,3242.95,"" 
2024-08-19T20:00:00Z,SBUX,92.29,35,Market On Open,Filled,3230.15,"" 
2024-08-19T20:00:00Z,WMT,73.75,44,Market On Open,Filled,3245,"" 
2024-08-28T14:00:00Z,ASTS,28.63,-91,Market,Filled,-2605.33,"Liquidated" 
2024-09-03T14:00:00Z,SOXL,34.32,-79,Market,Filled,-2711.28,"Liquidated" 
2024-09-03T17:00:00Z,MU,89.625,-30,Market,Filled,-2688.75,"Liquidated" 
2024-09-06T14:00:00Z,AVGO,137.22,-20,Market,Filled,-2744.4,"Liquidated" 
2024-09-16T14:00:00Z,TSLA,226.39,14,Market,Filled,3169.46,"" 
2024-09-16T14:00:00Z,ORCL,168.22,-24,Market,Filled,-4037.28,"Liquidated" 
2024-09-16T15:00:00Z,RH,339.3,9,Market,Filled,3053.7,"" 
2024-09-16T15:00:00Z,PDD,94.38,34,Market,Filled,3208.92,"" 
2024-09-23T14:00:00Z,AVGO,169.38,20,Market,Filled,3387.6,"" 
2024-09-23T15:00:00Z,BABA,91.09,-38,Market,Filled,-3461.42,"Liquidated" 
2024-09-23T17:00:00Z,FLUT,231.24,14,Market,Filled,3237.36,"" 
2024-09-26T16:00:00Z,PDD,127.43,-34,Market,Filled,-4332.62,"Liquidated" 
2024-09-30T14:00:00Z,BABA,111.65,30,Market,Filled,3349.5,"" 
2024-09-30T14:00:00Z,SOXL,36.55,94,Market,Filled,3435.7,"" 
2024-10-14T14:00:00Z,MSTR,223.84,15,Market,Filled,3357.6,"" 
2024-10-14T16:00:00Z,XLF,46.805,-57,Market,Filled,-2667.885,"Liquidated" 
2024-10-14T17:00:00Z,GOOG,166.28,21,Market,Filled,3491.88,"" 
2024-10-21T20:00:00Z,NVDA,0,-28,Market On Open,Canceled,0,"Liquidated" 
2024-10-21T20:15:00Z,NVDA,142.97,-28,Market On Open,Filled,-4003.16,"Liquidated" 
2024-10-25T14:00:00Z,AON,384.16,-10,Market,Filled,-3841.6,"Liquidated" 
2024-10-28T14:00:00Z,AMD,158,22,Market,Filled,3476,"" 
2024-10-28T14:00:00Z,COIN,213.28,16,Market,Filled,3412.48,"" 
2024-10-31T14:00:00Z,SOXL,30.05,-94,Market,Filled,-2824.7,"Liquidated" 
2024-10-31T20:00:00Z,COIN,0,-16,Market On Open,Canceled,0,"Liquidated" 
2024-10-31T20:15:00Z,COIN,0,-16,Market On Open,Canceled,0,"Liquidated" 
2024-11-01T04:00:00Z,COIN,180.2,-16,Market On Open,Filled,-2883.2,"Liquidated" 
2024-11-06T15:00:00Z,V,304.3,-9,Market,Filled,-2738.7,"Liquidated" 
2024-11-06T17:00:00Z,TQQQ,77.81,-52,Market,Filled,-4046.12,"Liquidated" 
2024-11-08T15:00:00Z,TSLA,308.49,-14,Market,Filled,-4318.86,"Liquidated" 
2024-11-08T16:00:00Z,BABA,94.275,-30,Market,Filled,-2828.25,"Liquidated" 
2024-11-11T15:00:00Z,SPY,599.165,17,Market,Filled,10185.805,"" 
2024-11-11T15:00:00Z,XLU,79.615,48,Market,Filled,3821.52,"" 
2024-11-11T15:00:00Z,TSLL,21.87,168,Market,Filled,3674.16,"" 
2024-11-11T15:00:00Z,BABA,95.73,38,Market,Filled,3637.74,"" 
2024-11-11T15:00:00Z,XLI,143.485,-21,Market,Filled,-3013.185,"Liquidated" 
2024-11-11T15:00:00Z,MSTR,299.06,-15,Market,Filled,-4485.9,"Liquidated" 
2024-11-11T16:00:00Z,MSTR,316.51,11,Market,Filled,3481.61,"" 
2024-11-11T16:00:00Z,COIN,316.45,11,Market,Filled,3480.95,"" 
2024-11-11T16:00:00Z,XLF,50.055,73,Market,Filled,3654.015,"" 
2024-11-11T16:00:00Z,CRM,341.975,-12,Market,Filled,-4103.7,"Liquidated" 
2024-11-11T17:00:00Z,MTUM,214.14,17,Market,Filled,3640.38,"" 
2024-11-11T17:00:00Z,PYPL,87.37,-39,Market,Filled,-3407.43,"Liquidated" 
2024-11-11T18:00:00Z,ABNB,138.08,26,Market,Filled,3590.08,"" 
2024-11-14T16:00:00Z,TSLL,18.43,-168,Market,Filled,-3096.24,"Liquidated" 
2024-11-15T20:00:00Z,AMD,134.17,-22,Market,Filled,-2951.74,"Liquidated" 
2024-11-18T15:00:00Z,NVDA,138.14,25,Market,Filled,3453.5,"" 
2024-11-19T19:00:00Z,MSTR,429.44,-11,Market,Filled,-4723.84,"Liquidated" 
2024-11-25T15:00:00Z,CRM,344.24,10,Market,Filled,3442.4,"" 
2024-11-25T15:00:00Z,PLTR,67.4,55,Market,Filled,3707,"" 
2024-11-25T15:00:00Z,HD,428.54,-6,Market,Filled,-2571.24,"Liquidated" 
2024-11-25T16:00:00Z,MARA,27.88,133,Market,Filled,3708.04,"" 
2024-11-25T16:00:00Z,IWM,244.89,-10,Market,Filled,-2448.9,"Liquidated" 
2024-12-02T15:00:00Z,BA,157.57,23,Market,Filled,3624.11,"" 
2024-12-10T16:00:00Z,MARA,23.575,-133,Market,Filled,-3135.475,"Liquidated" 
2024-12-16T15:00:00Z,MRVL,122.08,30,Market,Filled,3662.4,"" 
2024-12-16T15:00:00Z,AVGO,245.41,-20,Market,Filled,-4908.2,"Liquidated" 
2024-12-16T16:00:00Z,UBER,60.45,62,Market,Filled,3747.9,"" 
2024-12-23T15:00:00Z,COIN,268.29,-11,Market,Filled,-2951.19,"Liquidated" 
2024-12-24T15:00:00Z,AAPL,256.77,-12,Market,Filled,-3081.24,"Liquidated" 
2024-12-30T15:00:00Z,COIN,250.09,14,Market,Filled,3501.26,"" 
2024-12-30T16:00:00Z,JNJ,143.08,-14,Market,Filled,-2003.12,"Liquidated" 
2024-12-30T18:00:00Z,RGTI,17.86,204,Market,Filled,3643.44,"" 
2025-01-06T17:00:00Z,AMD,130.275,28,Market,Filled,3647.7,"" 
2025-01-06T20:00:00Z,TSM,221.14,-18,Market,Filled,-3980.52,"Liquidated" 
2025-01-08T15:00:00Z,RGTI,10.76,-204,Market,Filled,-2195.04,"Liquidated" 
2025-01-10T16:00:00Z,BABA,81.2,-38,Market,Filled,-3085.6,"Liquidated" 
2025-01-21T15:00:00Z,JPM,261.65,-15,Market,Filled,-3924.75,"Liquidated" 
2025-01-21T21:00:00Z,RH,0,-9,Market On Open,Canceled,0,"Liquidated" 
2025-01-21T21:15:00Z,RH,450.66,-9,Market On Open,Filled,-4055.94,"Liquidated" 
2025-01-24T15:00:00Z,AMZN,236,-15,Market,Filled,-3540,"Liquidated" 
2025-01-27T15:00:00Z,IBIT,57.96,64,Market,Filled,3709.44,"" 
2025-01-27T15:00:00Z,AVGO,216.15,17,Market,Filled,3674.55,"" 
2025-01-27T15:00:00Z,SOXL,27.82,134,Market,Filled,3727.88,"" 
2025-01-27T15:00:00Z,MU,94.01,39,Market,Filled,3666.39,"" 
2025-01-27T15:00:00Z,AAPL,225.66,16,Market,Filled,3610.56,"" 
2025-01-27T18:00:00Z,MRVL,101.93,-30,Market,Filled,-3057.9,"Liquidated" 
2025-01-27T19:00:00Z,ORCL,156.78,23,Market,Filled,3605.94,"" 
2025-01-30T15:00:00Z,WMT,98.64,-44,Market,Filled,-4340.16,"Liquidated" 
2025-02-03T15:00:00Z,BABA,99.54,37,Market,Filled,3682.98,"" 
2025-02-03T15:00:00Z,NVDA,114.71,-25,Market,Filled,-2867.75,"Liquidated" 
2025-02-03T16:00:00Z,INTC,19.67,190,Market,Filled,3737.3,"" 
2025-02-04T15:00:00Z,PLTR,105.88,-55,Market,Filled,-5823.4,"Liquidated" 
2025-02-05T15:00:00Z,AMD,108.08,-28,Market,Filled,-3026.24,"Liquidated" 
2025-02-10T15:00:00Z,SPY,603.49,8,Market,Filled,4827.92,"" 
2025-02-10T15:00:00Z,XLU,78.17,28,Market,Filled,2188.76,"" 
2025-02-10T15:00:00Z,FXI,33.375,115,Market,Filled,3838.125,"" 
2025-02-18T15:00:00Z,UBER,81.07,-62,Market,Filled,-5026.34,"Liquidated" 
2025-02-18T19:00:00Z,INTC,26.25,-190,Market,Filled,-4987.5,"Liquidated" 
2025-02-20T15:00:00Z,BABA,140.45,-37,Market,Filled,-5196.65,"Liquidated" 
2025-02-24T15:00:00Z,PLTR,91.6,42,Market,Filled,3847.2,"" 
2025-02-24T15:00:00Z,INTC,24.195,159,Market,Filled,3847.005,"" 
2025-02-24T15:00:00Z,AMD,108.96,35,Market,Filled,3813.6,"" 
2025-02-24T15:00:00Z,AMZN,214.56,18,Market,Filled,3862.08,"" 
2025-02-25T17:00:00Z,COIN,210.11,-14,Market,Filled,-2941.54,"Liquidated" 
2025-02-26T17:00:00Z,IBIT,49.265,-64,Market,Filled,-3152.96,"Liquidated" 
2025-02-27T20:00:00Z,SOXL,23.395,-134,Market,Filled,-3134.93,"Liquidated" 
2025-03-03T15:00:00Z,SOXL,22.06,171,Market,Filled,3772.26,"" 
2025-03-03T15:00:00Z,TSLA,295.07,12,Market,Filled,3540.84,"" 
2025-03-04T15:00:00Z,CRM,286.71,-10,Market,Filled,-2867.1,"Liquidated" 
2025-03-04T16:00:00Z,AVGO,182.9,-17,Market,Filled,-3109.3,"Liquidated" 
2025-03-05T17:00:00Z,INTC,20.37,-159,Market,Filled,-3238.83,"Liquidated" 
2025-03-10T14:00:00Z,TSLA,243.95,-12,Market,Filled,-2927.4,"Liquidated" 
2025-03-10T15:00:00Z,SOXL,18.355,-171,Market,Filled,-3138.705,"Liquidated" 
2025-03-10T17:00:00Z,PLTR,77.64,-42,Market,Filled,-3260.88,"Liquidated" 
2025-03-24T15:00:00Z,GIS,58.19,62,Market,Filled,3607.78,"" 
2025-03-24T16:00:00Z,WSM,170.06,21,Market,Filled,3571.26,"" 
2025-03-24T17:00:00Z,COP,102.35,35,Market,Filled,3582.25,"" 
2025-03-24T17:00:00Z,ACN,307.325,11,Market,Filled,3380.575,"" 
2025-03-31T14:00:00Z,ABNB,116.96,-26,Market,Filled,-3040.96,"Liquidated" 
2025-04-03T14:00:00Z,AAPL,204.27,-16,Market,Filled,-3268.32,"Liquidated" 
2025-04-03T14:00:00Z,ACN,305.26,-11,Market,Filled,-3357.86,"Liquidated" 
2025-04-03T14:00:00Z,AMD,98.9,-35,Market,Filled,-3461.5,"Liquidated" 
2025-04-03T14:00:00Z,AMZN,182.39,-18,Market,Filled,-3283.02,"Liquidated" 
2025-04-03T14:00:00Z,BA,156.88,-23,Market,Filled,-3608.24,"Liquidated" 
2025-04-03T14:00:00Z,BAC,37.99,-79,Market,Filled,-3001.21,"Liquidated" 
2025-04-03T14:00:00Z,CAT,318.43,-9,Market,Filled,-2865.87,"Liquidated" 
2025-04-03T14:00:00Z,COP,99.695,-35,Market,Filled,-3489.325,"Liquidated" 
2025-04-03T14:00:00Z,CVX,158.53,-16,Market,Filled,-2536.48,"Liquidated" 
2025-04-03T14:00:00Z,EEM,43.19,-52,Market,Filled,-2245.88,"Liquidated" 
2025-04-03T14:00:00Z,EFA,81.235,-30,Market,Filled,-2437.05,"Liquidated" 
2025-04-03T14:00:00Z,FLUT,218.76,-14,Market,Filled,-3062.64,"Liquidated" 
2025-04-03T14:00:00Z,FXI,35.14,-115,Market,Filled,-4041.1,"Liquidated" 
2025-04-03T14:00:00Z,GIS,60.645,-62,Market,Filled,-3759.99,"Liquidated" 
2025-04-03T14:00:00Z,GLD,284.47,-14,Market,Filled,-3982.58,"Liquidated" 
2025-04-03T14:00:00Z,GOOG,153.08,-21,Market,Filled,-3214.68,"Liquidated" 
2025-04-03T14:00:00Z,GOOGL,151.42,-17,Market,Filled,-2574.14,"Liquidated" 
2025-04-03T14:00:00Z,HYG,78.08,-26,Market,Filled,-2030.08,"Liquidated" 
2025-04-03T14:00:00Z,LQD,109.33,-18,Market,Filled,-1967.94,"Liquidated" 
2025-04-03T14:00:00Z,MMM,143.1,-25,Market,Filled,-3577.5,"Liquidated" 
2025-04-03T14:00:00Z,MTUM,198.78,-17,Market,Filled,-3379.26,"Liquidated" 
2025-04-03T14:00:00Z,MU,80.485,-39,Market,Filled,-3138.915,"Liquidated" 
2025-04-03T14:00:00Z,ORCL,140.33,-23,Market,Filled,-3227.59,"Liquidated" 
2025-04-03T14:00:00Z,PG,172.38,-17,Market,Filled,-2930.46,"Liquidated" 
2025-04-03T14:00:00Z,RSP,169.01,-16,Market,Filled,-2704.16,"Liquidated" 
2025-04-03T14:00:00Z,SBUX,92.37,-35,Market,Filled,-3232.95,"Liquidated" 
2025-04-03T14:00:00Z,SPY,544.96,-254,Market,Filled,-138419.84,"Liquidated" 
2025-04-03T14:00:00Z,TLT,92.48,-25,Market,Filled,-2312,"Liquidated" 
2025-04-03T14:00:00Z,WSM,137.185,-21,Market,Filled,-2880.885,"Liquidated" 
2025-04-03T14:00:00Z,XLF,48.24,-73,Market,Filled,-3521.52,"Liquidated" 
2025-04-03T14:00:00Z,XLU,79.44,-491,Market,Filled,-39005.04,"Liquidated" 
2025-04-03T14:00:00Z,XLV,143.87,-18,Market,Filled,-2589.66,"Liquidated" 
2025-04-03T14:00:00Z,XOM,114.07,-17,Market,Filled,-1939.19,"Liquidated" 
2025-05-12T14:00:00Z,SPY,578.82,231,Market,Filled,133707.42,"" 
2025-05-12T14:00:00Z,XLU,80.18,417,Market,Filled,33435.06,"" 
2025-05-19T14:00:00Z,GLD,297.665,11,Market,Filled,3274.315,"" 
2025-05-19T14:00:00Z,TLT,85.12,40,Market,Filled,3404.8,"" 
2025-05-19T14:00:00Z,NVDA,134.075,25,Market,Filled,3351.875,"" 
2025-05-19T14:00:00Z,AVGO,228.39,14,Market,Filled,3197.46,"" 
2025-05-19T14:00:00Z,MU,96.82,35,Market,Filled,3388.7,"" 
2025-05-19T14:00:00Z,AMD,114.92,29,Market,Filled,3332.68,"" 
2025-05-19T14:00:00Z,GOOG,166.72,20,Market,Filled,3334.4,"" 
2025-05-19T14:00:00Z,GOOGL,165.55,20,Market,Filled,3311,"" 
2025-05-19T14:00:00Z,AAPL,205.73,16,Market,Filled,3291.68,"" 
2025-05-19T14:00:00Z,TQQQ,70,48,Market,Filled,3360,"" 
2025-05-19T14:00:00Z,AMZN,205.13,16,Market,Filled,3282.08,"" 
2025-05-19T15:00:00Z,COIN,266.1,12,Market,Filled,3193.2,"" 
2025-05-19T15:00:00Z,LQD,106.585,32,Market,Filled,3410.72,"" 
2025-05-19T15:00:00Z,TSLL,14.475,236,Market,Filled,3416.1,"" 
2025-05-19T15:00:00Z,JPM,266.41,12,Market,Filled,3196.92,"" 
2025-05-19T16:00:00Z,CRWV,85.09,40,Market,Filled,3403.6,"" 
2025-05-19T16:00:00Z,IBIT,59.62,57,Market,Filled,3398.34,"" 
2025-05-19T16:00:00Z,UNH,310.535,11,Market,Filled,3415.885,"" 
2025-05-19T16:00:00Z,AMAT,164.7,20,Market,Filled,3294,"" 
2025-05-19T16:00:00Z,COF,199.22,17,Market,Filled,3386.74,"" 
2025-05-19T16:00:00Z,BABA,122.37,28,Market,Filled,3426.36,"" 
2025-05-19T17:00:00Z,TSLA,340.03,10,Market,Filled,3400.3,"" 
2025-05-19T17:00:00Z,WMT,98.165,35,Market,Filled,3435.775,"" 
2025-05-19T18:00:00Z,HIMS,61.87,55,Market,Filled,3402.85,"" 
2025-05-19T19:00:00Z,PLTR,126.5,27,Market,Filled,3415.5,"" 
2025-05-19T20:00:00Z,SMCI,44.72,77,Market On Open,Filled,3443.44,"" 
2025-05-22T15:00:00Z,CRWV,114.44,-40,Market,Filled,-4577.6,"Liquidated" 
2025-05-28T14:00:00Z,HIMS,51.79,-55,Market,Filled,-2848.45,"Liquidated" 
2025-06-02T15:00:00Z,HYG,79.095,43,Market,Filled,3401.085,"" 
2025-06-02T15:00:00Z,HIMS,58.06,58,Market,Filled,3367.48,"" 
2025-06-02T15:00:00Z,ORCL,164.42,20,Market,Filled,3288.4,"" 
2025-06-02T15:00:00Z,ZS,288.04,11,Market,Filled,3168.44,"" 
2025-06-02T16:00:00Z,SQQQ,23.525,145,Market,Filled,3411.125,"" 
2025-06-02T16:00:00Z,IWM,205.35,16,Market,Filled,3285.6,"" 
2025-06-02T18:00:00Z,CRWV,117.13,29,Market,Filled,3396.77,"" 
2025-06-04T15:00:00Z,CRWV,158.72,-29,Market,Filled,-4602.88,"Liquidated" 
2025-06-05T14:00:00Z,TSLL,12.23,-236,Market,Filled,-2886.28,"Liquidated" 
2025-06-05T19:00:00Z,TSLA,288.37,-10,Market,Filled,-2883.7,"Liquidated" 
2025-06-09T14:00:00Z,TSLL,10.3,339,Market,Filled,3491.7,"" 
2025-06-09T14:00:00Z,CRWV,152.12,23,Market,Filled,3498.76,"" 
2025-06-09T15:00:00Z,SOXL,20.71,169,Market,Filled,3499.99,"" 
2025-06-09T19:00:00Z,LULU,262.235,13,Market,Filled,3409.055,"" 
2025-06-23T14:00:00Z,TSLL,13.95,-339,Market,Filled,-4729.05,"Liquidated" 
2025-06-23T14:00:00Z,LULU,221.865,-13,Market,Filled,-2884.245,"Liquidated" 
2025-06-23T14:00:00Z,HIMS,46.68,-58,Market,Filled,-2707.44,"Liquidated" 
2025-06-25T14:00:00Z,COIN,356,-12,Market,Filled,-4272,"Liquidated" 
2025-06-27T14:00:00Z,SQQQ,19.905,-145,Market,Filled,-2886.225,"Liquidated" 
2025-06-30T14:00:00Z,HIMS,49.2,75,Market,Filled,3690,"" 
2025-06-30T14:00:00Z,CRM,275.315,13,Market,Filled,3579.095,"" 
2025-06-30T14:00:00Z,ORCL,221.63,-20,Market,Filled,-4432.6,"Liquidated" 
2025-06-30T15:00:00Z,ORCL,221.705,16,Market,Filled,3547.28,"" 
2025-06-30T16:00:00Z,HWM,186.345,20,Market,Filled,3726.9,"" 
2025-06-30T17:00:00Z,FLUT,282.96,13,Market,Filled,3678.48,"" 
2025-06-30T18:00:00Z,APP,346.87,10,Market,Filled,3468.7,"" 
2025-06-30T18:00:00Z,NKE,71.1,52,Market,Filled,3697.2,"" 
2025-06-30T19:00:00Z,TSLA,318.6,11,Market,Filled,3504.6,"" 
2025-07-09T17:00:00Z,BABA,104.03,-28,Market,Filled,-2912.84,"Liquidated" 
2025-07-10T16:00:00Z,SOXL,27.62,-169,Market,Filled,-4667.78,"Liquidated" 
2025-07-11T18:00:00Z,CRWV,129.3,-23,Market,Filled,-2973.9,"Liquidated" 
2025-07-14T14:00:00Z,TSM,227.09,16,Market,Filled,3633.44,"" 
2025-07-14T14:00:00Z,RSP,184.1,20,Market,Filled,3682,"" 
2025-07-14T15:00:00Z,GE,258.98,14,Market,Filled,3625.72,"" 
2025-07-15T14:00:00Z,AMD,155.47,-29,Market,Filled,-4508.63,"Liquidated" 
2025-07-21T14:00:00Z,CRCL,227.4,17,Market,Filled,3865.8,"" 
2025-07-21T14:00:00Z,AMD,157.67,24,Market,Filled,3784.08,"" 
2025-07-24T15:00:00Z,CRCL,192.06,-17,Market,Filled,-3265.02,"Liquidated" 
2025-07-28T15:00:00Z,TSLL,12.135,326,Market,Filled,3956.01,"" 
2025-07-28T20:00:00Z,SMCI,0,-77,Market On Open,Canceled,0,"Liquidated" 
2025-07-28T20:15:00Z,SMCI,59.79,-77,Market On Open,Filled,-4603.83,"Liquidated" 
2025-07-29T14:00:00Z,NVDA,179.28,-25,Market,Filled,-4482,"Liquidated" 
2025-07-29T20:00:00Z,UNH,0,-11,Market On Open,Canceled,0,"Liquidated" 
2025-07-29T20:15:00Z,UNH,263.9,-11,Market On Open,Filled,-2902.9,"Liquidated" 
2025-07-30T15:00:00Z,HIMS,65.515,-75,Market,Filled,-4913.625,"Liquidated" 
2025-08-01T14:00:00Z,TSLL,10.14,-326,Market,Filled,-3305.64,"Liquidated" 
2025-08-04T14:00:00Z,NVDA,177.08,22,Market,Filled,3895.76,"" 
2025-08-04T15:00:00Z,HOOD,102.71,38,Market,Filled,3902.98,"" 
2025-08-04T17:00:00Z,RDDT,197.55,19,Market,Filled,3753.45,"" 
2025-08-04T17:00:00Z,UNH,238.8,16,Market,Filled,3820.8,"" 
2025-08-04T17:00:00Z,XLI,151.07,26,Market,Filled,3927.82,"" 
2025-08-05T14:00:00Z,PLTR,174.86,-27,Market,Filled,-4721.22,"Liquidated" 
2025-08-07T14:00:00Z,AVGO,309.55,-14,Market,Filled,-4333.7,"Liquidated" 
2025-08-11T14:00:00Z,SPY,637.69,22,Market,Filled,14029.18,"" 
2025-08-11T14:00:00Z,XLU,85.92,52,Market,Filled,4467.84,"" 
2025-08-11T15:00:00Z,APP,461.71,-10,Market,Filled,-4617.1,"Liquidated" 
2025-08-11T20:00:00Z,CRM,0,-13,Market On Open,Canceled,0,"Liquidated" 
2025-08-11T20:15:00Z,CRM,0,-13,Market On Open,Canceled,0,"Liquidated" 
2025-08-12T04:00:00Z,CRM,232.93,-13,Market On Open,Filled,-3028.09,"Liquidated" 
2025-08-12T16:00:00Z,TQQQ,93.96,-48,Market,Filled,-4510.08,"Liquidated" 
2025-08-18T14:00:00Z,AVGO,300.16,13,Market,Filled,3902.08,"" 
2025-08-18T14:00:00Z,CRM,240.71,16,Market,Filled,3851.36,"" 
2025-09-03T14:00:00Z,GOOG,230.11,-20,Market,Filled,-4602.2,"Liquidated" 
2025-09-03T14:00:00Z,GOOGL,229.68,-20,Market,Filled,-4593.6,"Liquidated" 
2025-09-05T14:00:00Z,MU,129.47,-35,Market,Filled,-4531.45,"Liquidated" 
2025-09-08T14:00:00Z,XLF,52.895,78,Market,Filled,4125.81,"" 
2025-09-08T14:00:00Z,UNH,318.4,-16,Market,Filled,-5094.4,"Liquidated" 
2025-09-08T15:00:00Z,OPEN,7.075,584,Market,Filled,4131.8,"" 
2025-09-08T15:00:00Z,XLY,236.21,17,Market,Filled,4015.57,"" 
2025-09-08T15:00:00Z,UNH,318.75,12,Market,Filled,3825,"" 
2025-09-08T15:00:00Z,GOOGL,235.54,17,Market,Filled,4004.18,"" 
2025-09-10T14:00:00Z,ORCL,337.035,-16,Market,Filled,-5392.56,"Liquidated" 
2025-09-10T16:00:00Z,OPEN,5.905,-584,Market,Filled,-3448.52,"Liquidated" 
2025-09-11T15:00:00Z,RDDT,263.41,-19,Market,Filled,-5004.79,"Liquidated" 
2025-09-15T14:00:00Z,OPEN,10.01,430,Market,Filled,4304.3,"" 
2025-09-15T14:00:00Z,GOOG,249.66,17,Market,Filled,4244.22,"" 
2025-09-15T14:00:00Z,MU,159.11,27,Market,Filled,4295.97,"" 
2025-09-15T14:00:00Z,COIN,327.73,13,Market,Filled,4260.49,"" 
2025-09-15T14:00:00Z,TQQQ,98.62,43,Market,Filled,4240.66,"" 
2025-09-17T20:00:00Z,TSLA,0,-11,Market On Open,Canceled,0,"Liquidated" 
2025-09-17T20:15:00Z,TSLA,0,-11,Market On Open,Canceled,0,"Liquidated" 
2025-09-18T04:00:00Z,TSLA,428.81,-11,Market On Open,Filled,-4716.91,"Liquidated" 
2025-09-22T14:00:00Z,BMNR,59.18,73,Market,Filled,4320.14,"" 
2025-09-22T20:00:00Z,OPEN,0,-430,Market On Open,Canceled,0,"Liquidated" 
2025-09-22T20:15:00Z,OPEN,7.97,-430,Market On Open,Filled,-3427.1,"Liquidated" 
2025-09-25T14:00:00Z,BMNR,49.18,-73,Market,Filled,-3590.14,"Liquidated" 
2025-09-29T14:00:00Z,INTC,34.41,126,Market,Filled,4335.66,"" 
2025-09-29T14:00:00Z,MSTR,318.28,13,Market,Filled,4137.64,"" 
2025-09-29T20:00:00Z,HOOD,0,-38,Market On Open,Canceled,0,"Liquidated" 
2025-09-29T20:15:00Z,HOOD,135.69,-38,Market On Open,Filled,-5156.22,"Liquidated" 
2025-10-02T14:00:00Z,AMAT,219.655,-20,Market,Filled,-4393.1,"Liquidated" 
2025-10-06T14:00:00Z,RGTI,39.03,115,Market,Filled,4488.45,"" 
2025-10-06T14:00:00Z,ORCL,293.79,15,Market,Filled,4406.85,"" 
2025-10-06T14:00:00Z,PLTR,181.86,24,Market,Filled,4364.64,"" 
2025-10-06T14:00:00Z,TSM,305.86,-16,Market,Filled,-4893.76,"Liquidated" 
2025-10-06T15:00:00Z,IONQ,76.24,59,Market,Filled,4498.16,"" 
2025-10-06T15:00:00Z,AMD,211.68,-24,Market,Filled,-5080.32,"Liquidated" 
2025-10-06T16:00:00Z,BMNR,60.97,74,Market,Filled,4511.78,"" 
2025-10-06T18:00:00Z,QUBT,23.17,196,Market,Filled,4541.32,"" 
2025-10-07T14:00:00Z,FLUT,239.275,-13,Market,Filled,-3110.575,"Liquidated" 
2025-10-10T20:00:00Z,AAPL,0,-16,Market On Open,Canceled,0,"Liquidated" 
2025-10-10T20:00:00Z,AMZN,0,-16,Market On Open,Canceled,0,"Liquidated" 
2025-10-10T20:00:00Z,AVGO,0,-13,Market On Open,Canceled,0,"Liquidated" 
2025-10-10T20:00:00Z,BMNR,0,-74,Market On Open,Canceled,0,"Liquidated" 
2025-10-10T20:00:00Z,COF,0,-17,Market On Open,Canceled,0,"Liquidated" 
2025-10-10T20:00:00Z,COIN,0,-13,Market On Open,Canceled,0,"Liquidated" 
2025-10-10T20:00:00Z,CRM,0,-16,Market On Open,Canceled,0,"Liquidated" 
2025-10-10T20:00:00Z,GE,0,-14,Market On Open,Canceled,0,"Liquidated" 
2025-10-10T20:00:00Z,GLD,0,-11,Market On Open,Canceled,0,"Liquidated" 
2025-10-10T20:00:00Z,GOOG,0,-17,Market On Open,Canceled,0,"Liquidated" 
2025-10-10T20:00:00Z,GOOGL,0,-17,Market On Open,Canceled,0,"Liquidated" 
2025-10-10T20:00:00Z,HWM,0,-20,Market On Open,Canceled,0,"Liquidated" 
2025-10-10T20:00:00Z,HYG,0,-43,Market On Open,Canceled,0,"Liquidated" 
2025-10-10T20:00:00Z,IBIT,0,-57,Market On Open,Canceled,0,"Liquidated" 
2025-10-10T20:00:00Z,INTC,0,-126,Market On Open,Canceled,0,"Liquidated" 
2025-10-10T20:00:00Z,IONQ,0,-59,Market On Open,Canceled,0,"Liquidated" 
2025-10-10T20:00:00Z,IWM,0,-16,Market On Open,Canceled,0,"Liquidated" 
2025-10-10T20:00:00Z,JPM,0,-12,Market On Open,Canceled,0,"Liquidated" 
2025-10-10T20:00:00Z,LQD,0,-32,Market On Open,Canceled,0,"Liquidated" 
2025-10-10T20:00:00Z,MSTR,0,-13,Market On Open,Canceled,0,"Liquidated" 
2025-10-10T20:00:00Z,MU,0,-27,Market On Open,Canceled,0,"Liquidated" 
2025-10-10T20:00:00Z,NKE,0,-52,Market On Open,Canceled,0,"Liquidated" 
2025-10-10T20:00:00Z,NVDA,0,-22,Market On Open,Canceled,0,"Liquidated" 
2025-10-10T20:00:00Z,ORCL,0,-15,Market On Open,Canceled,0,"Liquidated" 
2025-10-10T20:00:00Z,PLTR,0,-24,Market On Open,Canceled,0,"Liquidated" 
2025-10-10T20:00:00Z,QUBT,0,-196,Market On Open,Canceled,0,"Liquidated" 
2025-10-10T20:00:00Z,RGTI,0,-115,Market On Open,Canceled,0,"Liquidated" 
2025-10-10T20:00:00Z,RSP,0,-20,Market On Open,Canceled,0,"Liquidated" 
2025-10-10T20:00:00Z,SPY,0,-253,Market On Open,Canceled,0,"Liquidated" 
2025-10-10T20:00:00Z,TLT,0,-40,Market On Open,Canceled,0,"Liquidated" 
2025-10-10T20:00:00Z,TQQQ,0,-43,Market On Open,Canceled,0,"Liquidated" 
2025-10-10T20:00:00Z,UNH,0,-12,Market On Open,Canceled,0,"Liquidated" 
2025-10-10T20:00:00Z,WMT,0,-35,Market On Open,Canceled,0,"Liquidated" 
2025-10-10T20:00:00Z,XLF,0,-78,Market On Open,Canceled,0,"Liquidated" 
2025-10-10T20:00:00Z,XLI,0,-26,Market On Open,Canceled,0,"Liquidated" 
2025-10-10T20:00:00Z,XLU,0,-469,Market On Open,Canceled,0,"Liquidated" 
2025-10-10T20:00:00Z,XLY,0,-17,Market On Open,Canceled,0,"Liquidated" 
2025-10-10T20:00:00Z,ZS,0,-11,Market On Open,Canceled,0,"Liquidated" 
2025-10-10T20:15:00Z,AAPL,249.46,-16,Market On Open,Filled,-3991.36,"Liquidated" 
2025-10-10T20:15:00Z,AMZN,217.5,-16,Market On Open,Filled,-3480,"Liquidated" 
2025-10-10T20:15:00Z,AVGO,352.96,-13,Market On Open,Filled,-4588.48,"Liquidated" 
2025-10-10T20:15:00Z,BMNR,54.21,-74,Market On Open,Filled,-4011.54,"Liquidated" 
2025-10-10T20:15:00Z,COF,205.25,-17,Market On Open,Filled,-3489.25,"Liquidated" 
2025-10-10T20:15:00Z,COIN,364.79,-13,Market On Open,Filled,-4742.27,"Liquidated" 
2025-10-10T20:15:00Z,CRM,242.89,-16,Market On Open,Filled,-3886.24,"Liquidated" 
2025-10-10T20:15:00Z,GE,296,-14,Market On Open,Filled,-4144,"Liquidated" 
2025-10-10T20:15:00Z,GLD,376.5,-11,Market On Open,Filled,-4141.5,"Liquidated" 
2025-10-10T20:15:00Z,GOOG,241.26,-17,Market On Open,Filled,-4101.42,"Liquidated" 
2025-10-10T20:15:00Z,GOOGL,240.19,-17,Market On Open,Filled,-4083.23,"Liquidated" 
2025-10-10T20:15:00Z,HWM,186.08,-20,Market On Open,Filled,-3721.6,"Liquidated" 
2025-10-10T20:15:00Z,HYG,80.23,-43,Market On Open,Filled,-3449.89,"Liquidated" 
2025-10-10T20:15:00Z,IBIT,65,-57,Market On Open,Filled,-3705,"Liquidated" 
2025-10-10T20:15:00Z,INTC,36.45,-126,Market On Open,Filled,-4592.7,"Liquidated" 
2025-10-10T20:15:00Z,IONQ,74.11,-59,Market On Open,Filled,-4372.49,"Liquidated" 
2025-10-10T20:15:00Z,IWM,241.82,-16,Market On Open,Filled,-3869.12,"Liquidated" 
2025-10-10T20:15:00Z,JPM,305.6,-12,Market On Open,Filled,-3667.2,"Liquidated" 
2025-10-10T20:15:00Z,LQD,111.4,-32,Market On Open,Filled,-3564.8,"Liquidated" 
2025-10-10T20:15:00Z,MSTR,306.15,-13,Market On Open,Filled,-3979.95,"Liquidated" 
2025-10-10T20:15:00Z,MU,191.21,-27,Market On Open,Filled,-5162.67,"Liquidated" 
2025-10-10T20:15:00Z,NKE,65.81,-52,Market On Open,Filled,-3422.12,"Liquidated" 
2025-10-10T20:15:00Z,NVDA,188,-22,Market On Open,Filled,-4136,"Liquidated" 
2025-10-10T20:15:00Z,ORCL,298.7,-15,Market On Open,Filled,-4480.5,"Liquidated" 
2025-10-10T20:15:00Z,PLTR,178.69,-24,Market On Open,Filled,-4288.56,"Liquidated" 
2025-10-10T20:15:00Z,QUBT,19.92,-196,Market On Open,Filled,-3904.32,"Liquidated" 
2025-10-10T20:15:00Z,RGTI,46.46,-115,Market On Open,Filled,-5342.9,"Liquidated" 
2025-10-10T20:15:00Z,RSP,186.43,-20,Market On Open,Filled,-3728.6,"Liquidated" 
2025-10-10T20:15:00Z,SPY,660.68,-253,Market On Open,Filled,-167152.04,"Liquidated" 
2025-10-10T20:15:00Z,TLT,90.28,-40,Market On Open,Filled,-3611.2,"Liquidated" 
2025-10-10T20:15:00Z,TQQQ,102.08,-43,Market On Open,Filled,-4389.44,"Liquidated" 
2025-10-10T20:15:00Z,UNH,354.74,-12,Market On Open,Filled,-4256.88,"Liquidated" 
2025-10-10T20:15:00Z,WMT,101.37,-35,Market On Open,Filled,-3547.95,"Liquidated" 
2025-10-10T20:15:00Z,XLF,52.55,-78,Market On Open,Filled,-4098.9,"Liquidated" 
2025-10-10T20:15:00Z,XLI,151,-26,Market On Open,Filled,-3926,"Liquidated" 
2025-10-10T20:15:00Z,XLU,90.26,-469,Market On Open,Filled,-42331.94,"Liquidated" 
2025-10-10T20:15:00Z,XLY,230.85,-17,Market On Open,Filled,-3924.45,"Liquidated" 
2025-10-10T20:15:00Z,ZS,315,-11,Market On Open,Filled,-3465,"Liquidated" 
2025-10-27T14:00:00Z,CRCL,141.16,31,Market,Filled,4375.96,"" 
2025-10-27T14:00:00Z,PLTR,191.77,23,Market,Filled,4410.71,"" 
2025-10-27T14:00:00Z,CRWV,135.27,32,Market,Filled,4328.64,"" 
2025-10-27T14:00:00Z,HOOD,148.79,29,Market,Filled,4314.91,"" 
2025-10-27T14:00:00Z,AMZN,227.82,19,Market,Filled,4328.58,"" 
2025-10-27T14:00:00Z,NVDA,191.06,23,Market,Filled,4394.38,"" 
2025-10-27T14:00:00Z,TQQQ,114.94,38,Market,Filled,4367.72,"" 
2025-10-27T14:00:00Z,GOOG,266,16,Market,Filled,4256,"" 
2025-10-27T14:00:00Z,GOOGL,265.26,16,Market,Filled,4244.16,"" 
2025-10-27T14:00:00Z,IBIT,65.445,67,Market,Filled,4384.815,"" 
2025-10-27T14:00:00Z,AAPL,266.25,16,Market,Filled,4260,"" 
2025-10-27T14:00:00Z,AMD,254.995,17,Market,Filled,4334.915,"" 
2025-10-27T15:00:00Z,IREN,63.99,68,Market,Filled,4351.32,"" 
2025-10-27T15:00:00Z,SOXL,46.49,94,Market,Filled,4370.06,"" 
2025-10-27T15:00:00Z,RGTI,40.66,108,Market,Filled,4391.28,"" 
2025-10-27T15:00:00Z,TSLL,20.78,212,Market,Filled,4405.36,"" 
2025-10-27T15:00:00Z,MSTR,293.91,15,Market,Filled,4408.65,"" 
2025-10-27T15:00:00Z,ORCL,281.28,15,Market,Filled,4219.2,"" 
2025-10-27T15:00:00Z,IBM,308.87,14,Market,Filled,4324.18,"" 
2025-10-27T15:00:00Z,IWM,250.24,17,Market,Filled,4254.08,"" 
2025-10-27T15:00:00Z,TLT,91.285,48,Market,Filled,4381.68,"" 
2025-10-27T16:00:00Z,MU,219.75,20,Market,Filled,4395,"" 
2025-10-27T16:00:00Z,INTC,39.63,111,Market,Filled,4398.93,"" 
2025-10-27T17:00:00Z,LQD,112.85,39,Market,Filled,4401.15,"" 
2025-10-27T17:00:00Z,JPM,303.45,14,Market,Filled,4248.3,"" 
2025-10-27T18:00:00Z,OKLO,136.41,32,Market,Filled,4365.12,"" 
2025-10-27T18:00:00Z,HYG,81.275,54,Market,Filled,4388.85,"" 
2025-10-27T20:00:00Z,TSM,298.3,14,Market On Open,Filled,4176.2,"" 
2025-11-03T15:00:00Z,RSP,186.48,23,Market,Filled,4289.04,"" 
2025-11-03T16:00:00Z,WDC,153.77,28,Market,Filled,4305.56,"" 
2025-11-03T16:00:00Z,UNH,330.62,13,Market,Filled,4298.06,"" 
2025-11-03T16:00:00Z,CRCL,118.95,-31,Market,Filled,-3687.45,"Liquidated" 
2025-11-03T17:00:00Z,PFE,24.505,180,Market,Filled,4410.9,"" 
2025-11-03T17:00:00Z,RDDT,203.13,21,Market,Filled,4265.73,"" 
2025-11-03T17:00:00Z,COIN,329.21,13,Market,Filled,4279.73,"" 
2025-11-03T19:00:00Z,XLK,302.45,14,Market,Filled,4234.3,"" 
2025-11-03T20:00:00Z,MRVL,90.95,48,Market,Filled,4365.6,"" 
2025-11-04T18:00:00Z,MSTR,249.52,-15,Market,Filled,-3742.8,"Liquidated" 
2025-11-04T19:00:00Z,OKLO,115.39,-32,Market,Filled,-3692.48,"Liquidated" 
2025-11-05T17:00:00Z,CRWV,113.09,-32,Market,Filled,-3618.88,"Liquidated" 
2025-11-06T19:00:00Z,RGTI,34.275,-108,Market,Filled,-3701.7,"Liquidated" 
2025-11-07T15:00:00Z,HOOD,124.33,-29,Market,Filled,-3605.57,"Liquidated" 
2025-11-07T15:00:00Z,ORCL,237.03,-15,Market,Filled,-3555.45,"Liquidated" 
2025-11-07T16:00:00Z,SOXL,38.2,-94,Market,Filled,-3590.8,"Liquidated" 
2025-11-10T15:00:00Z,SPY,678.55,255,Market,Filled,173030.25,"" 
2025-11-10T15:00:00Z,XLU,89.92,481,Market,Filled,43251.52,"" 
2025-11-10T15:00:00Z,MSTR,243.04,17,Market,Filled,4131.68,"" 
2025-11-10T18:00:00Z,HOOD,135.13,32,Market,Filled,4324.16,"" 
2025-11-12T17:00:00Z,IREN,54.06,-68,Market,Filled,-3676.08,"Liquidated" 
2025-11-13T15:00:00Z,TSLL,17.5,-212,Market,Filled,-3710,"Liquidated" 
2025-11-13T21:00:00Z,IBIT,0,-67,Market On Open,Canceled,0,"Liquidated" 
2025-11-13T21:15:00Z,IBIT,54.11,-67,Market On Open,Filled,-3625.37,"Liquidated" 
2025-11-14T15:00:00Z,MSTR,202.26,-17,Market,Filled,-3438.42,"Liquidated" 
2025-11-17T15:00:00Z,MSTR,200.27,20,Market,Filled,4005.4,"" 
2025-11-17T15:00:00Z,SOXL,39.57,105,Market,Filled,4154.85,"" 
2025-11-17T15:00:00Z,COIN,275.12,-13,Market,Filled,-3576.56,"Liquidated" 
2025-11-17T16:00:00Z,AMAT,229.5,18,Market,Filled,4131,"" 
2025-11-17T20:00:00Z,HOOD,113.21,-32,Market,Filled,-3622.72,"Liquidated" 
2025-11-18T15:00:00Z,TQQQ,97.57,-38,Market,Filled,-3707.66,"Liquidated" 
2025-11-20T17:00:00Z,AMD,214.89,-17,Market,Filled,-3653.13,"Liquidated" 
2025-11-20T17:00:00Z,PLTR,160.46,-23,Market,Filled,-3690.58,"Liquidated" 
2025-11-20T18:00:00Z,SOXL,33.18,-105,Market,Filled,-3483.9,"Liquidated" 
2025-11-20T21:00:00Z,INTC,0,-111,Market On Open,Canceled,0,"Liquidated" 
2025-11-20T21:00:00Z,MRVL,0,-48,Market On Open,Canceled,0,"Liquidated" 
2025-11-20T21:15:00Z,INTC,0,-111,Market On Open,Canceled,0,"Liquidated" 
2025-11-20T21:15:00Z,MRVL,0,-48,Market On Open,Canceled,0,"Liquidated" 
2025-11-21T05:00:00Z,INTC,0,-111,Market On Open,Canceled,0,"Liquidated" 
2025-11-21T05:00:00Z,MRVL,0,-48,Market On Open,Canceled,0,"Liquidated" 
2025-11-21T05:00:00Z,INTC,33.52,-111,Market On Open,Filled,-3720.72,"Liquidated" 
2025-11-21T05:00:00Z,MRVL,76.79,-48,Market On Open,Filled,-3685.92,"Liquidated" 
2025-11-21T16:00:00Z,MSTR,168.045,-20,Market,Filled,-3360.9,"Liquidated" 
2025-12-01T15:00:00Z,ORCL,202.04,20,Market,Filled,4040.8,"" 
2025-12-01T15:00:00Z,MSTR,165.28,25,Market,Filled,4132,"" 
2025-12-01T15:00:00Z,INTC,39.86,105,Market,Filled,4185.3,"" 
2025-12-01T15:00:00Z,IBIT,48.84,85,Market,Filled,4151.4,"" 
2025-12-01T16:00:00Z,BMNR,29.675,141,Market,Filled,4184.175,"" 
2025-12-01T16:00:00Z,SOXL,41.28,101,Market,Filled,4169.28,"" 
2025-12-01T16:00:00Z,TQQQ,54.12,77,Market,Filled,4167.24,"" 
